Method,Timely_mean,Timely_ci,Loss_mean,Loss_ci,Cost_mean,Cost_ci,Emg_mean,Emg_ci
Proposed-DPP,0.990682196339434,0.00258166505719293,0.00931780366056572,0.00258166505719293,1.89941763727121,0.0070410798202619,1,0
Link-delayaware,0.938435940099834,0.00539172704704805,0.0615640599001664,0.00539172704704805,1.62945091514143,1.45069141884354e-16,0.983333333333333,0.0326666666666667
Confidence-heuristic,0.99018302828619,0.00178293899917022,0.00981697171381031,0.00178293899917022,2.11880366056572,0.0267281095234608,0.983333333333333,0.0326666666666667
Constrained-Oracle,0.995174708818636,0.00141320022185247,0.00482529118136439,0.00141320022185247,2.1203078202995,0.017448976624263,0.983333333333333,0.0326666666666667
