Method,AvgDelay_s,TimelyRate,LossRate,AvgTxCost,EmergencyTimelyRate
Proposed-DPP,0.018168540475413,0.991680532445923,0.00831946755407653,2.04242928452579,1
