Method,Timely_mean,Timely_ci,Loss_mean,Loss_ci,Cost_mean,Cost_ci,Emg_mean,Emg_ci
Proposed-DPP,0.992789794786467,0.00287613564597149,0.00721020521353299,0.00287613564597149,1.90199667221298,0.0150382490542961,1,0
Link-delayaware,0.942872989462008,0.0180925686495301,0.0571270105379922,0.0180925686495301,1.62945091514143,0,1,0
Confidence-heuristic,0.991125901275652,0.00287613564597149,0.0088740987243483,0.00287613564597149,2.11252357182474,0.0452598683047669,1,0
Constrained-Oracle,0.995562950637826,0.00287613564597149,0.00443704936217415,0.00287613564597149,2.11859123682751,0.0251037736706156,1,0
