Scene,SceneRole,GeometryType,DensityClass,VegetationClass,Config,HeuristicTimely,V6Timely,V6MinusHeuristicTimely_pp,HeuristicEmgTimely,V6EmgTimely,V6MinusHeuristicEmg_pp,HeuristicTxCost,V6TxCost,V6CostDeltaPct,HeuristicDelay,V6Delay,V6DelayDeltaPct,V6MinusLinkTimely_pp,V6MinusLinkEmg_pp,V6MinusV4Emg_pp,V6CostDeltaVsV4Pct,OracleMinusV6Timely_pp,HeldoutDecision
10013,HeldOutHighNLOS,ShortHighNLOS,High,Dense,Default,0.998103161397671,0.998103161397671,0,1,1,0,2.96757071547421,3.04284525790349,2.53657114341941,0.0123876133718749,0.0123876133718749,0,0.00332778702162306,0.00366972477064964,0.00366972477064964,21.4427162261411,-0.00332778702162306,GeneralizesWeak
10013,HeldOutHighNLOS,ShortHighNLOS,High,Dense,ForestGeometry,0.599933444259567,0.601597337770383,0.166389351081531,0.659926605504587,0.661467889908257,0.154128440366974,3.2578003327787,3.3805697171381,3.76847479337941,0.0552942109021954,0.0553917482756879,0.176397080094122,0.565723793677209,0.579816513761489,0.319266055045886,14.2789453222023,0.156405990016639,GeneralizesWeak
10007,HeldOutLongMixed,LongMixed,Medium,Mixed,Default,0.989084858569052,0.990615640599002,0.153078202994994,1,1,0,2.47248552412645,2.55996672212978,3.53818848076908,0.0181122490738134,0.0168527202983957,-6.95401642438042,4.11314475873541,0,0,11.0214720119147,0.56572379367722,GeneralizesWeak
10007,HeldOutLongMixed,LongMixed,Medium,Mixed,ForestGeometry,0.861663893510815,0.862129783693843,0.0465890183028228,1,1,0,2.68722329450915,2.88284925124791,7.27985490221412,0.0620595337503112,0.0610351457367083,-1.65065373794837,4.96505823627285,0,0,9.19660542403032,0.752079866888544,GeneralizesWeak
10015,HeldOutBoundary,LongLowNLOS,Low,Sparse,Default,0.990648918469218,0.991680532445923,0.103161397670548,1,1,0,1.24304991680532,1.21748419301165,-2.05669325487604,0.0172130093551669,0.0163131737628122,-5.22764830825248,1.57404326123125,0,0,1.07748498427974,0.542429284525814,GeneralizesWeak
10015,HeldOutBoundary,LongLowNLOS,Low,Sparse,ForestGeometry,0.876006655574043,0.908552412645591,3.25457570715475,0.995384615384615,0.998461538461538,0.307692307692298,1.74478136439267,1.9609394342762,12.3888341711381,0.0827581853686285,0.0646213682034506,-21.9154360192787,22.6322795341098,0.923076923076904,0.923076923076904,0.666254044717199,0.668885191347757,GeneralizesStrong
