Method,AvgDelayDelta,TimelyRateGain,LossRateDelta,AvgTxCostDelta,EmergencyTimelyRateGain
Link-aware,-0.00782453882725375,0.0282861896838602,-0.0282861896838602,0.238735440931781,0
No-Regime-Gate,-0.00141074964826618,0.00166389351081531,-0.00166389351081531,0,0
No-GNSS,-0.000302862195200499,-0.00665557404326123,0.00665557404326123,-0.0359400998336104,0
No-RSU,0.000909514786782591,-0.00166389351081531,0.00166389351081531,0.00599001663893484,0
No-Env,-0.00505425124315983,0.00998336106489184,-0.00998336106489184,-0.00998336106489184,0
No-Traj,-0.00252999697043692,0.00499168053244592,-0.00499168053244592,0.0126455906821963,0
