Scene,SceneRole,GeometryType,DensityClass,VegetationClass,Config,GuardOffAvgDelayMean,GuardOnAvgDelayMean,DeltaAvgDelay_s,DeltaAvgDelay_pct,GuardOffAvgTxCostMean,GuardOnAvgTxCostMean,DeltaAvgTxCost,DeltaTimelyRate_pp,DeltaLossRate_pp,DeltaEmergencyTimelyRate_pp
10019,DenseBlind,ShortRangeOccluded,High,Dense,Default,0.0136691566164634,0.0120549578410676,-0.00161419877539583,-11.809059042104,3.10974542429284,2.98415973377703,-0.125585690515808,0,0,0
10019,DenseBlind,ShortRangeOccluded,High,Dense,ForestGeometry,0.0400439450730946,0.0398528827176877,-0.000191062355406967,-0.477131698832892,3.36442096505824,3.33284359400998,-0.0315773710482534,0,0.648918469217968,1.11022302462516e-14
10014,Primary,CurvedBlind,Medium,Dense,Default,0.0242379415860797,0.0239099709304986,-0.000327970655581124,-1.35312916080912,1.90477371048253,1.85548252911814,-0.0492911813643928,-0.0166389351081597,0.0166389351081531,0
10014,Primary,CurvedBlind,Medium,Dense,ForestGeometry,0.0935229145042753,0.0935719761303722,4.90616260968441e-05,0.0524594708760934,2.16971381031614,2.17201331114809,0.00229950083194685,-0.0166389351081597,0.0166389351081542,0
