Urgency,BlindZoneGate,LinkMonotonicRatio,PosMonotonicRatio
0.3,0,0.857142857142857,1
0.3,0.35,0.857142857142857,1
0.3,0.6,0.857142857142857,1
0.3,0.85,0.857142857142857,1
0.6,0,1,0.714285714285714
0.6,0.35,1,0.714285714285714
0.6,0.6,1,0.714285714285714
0.6,0.85,1,0.714285714285714
0.95,0,1,0.857142857142857
0.95,0.35,1,0.857142857142857
0.95,0.6,1,0.857142857142857
0.95,0.85,1,0.857142857142857
