Scene,SceneRole,GeometryType,DensityClass,VegetationClass,Config,TimelyGainVsHeuristic_pp,EmgGainVsHeuristic_pp,CostDeltaVsHeuristic_pct,DelayDeltaVsHeuristic_pct,TimelyGainVsLink_pp,OracleMinusV6Timely_pp,Decision
10013,HeldOutHighNLOS,ShortHighNLOS,High,Dense,Default,0,0,2.53657114341941,0,0.0232945091514059,0.392678868552421,PerLookupHeldoutWeak
10013,HeldOutHighNLOS,ShortHighNLOS,High,Dense,ForestGeometry,-0.459234608985026,-0.535779816513771,6.2515709512415,1.45731303779322,-0.589018302828614,-0.399334442595678,PerLookupHeldoutBoundary
10007,HeldOutLongMixed,LongMixed,Medium,Mixed,Default,0.0632279534110047,0,2.89913835569838,7.03654853068205,3.95673876871879,0.129783693843588,PerLookupHeldoutWeak
10007,HeldOutLongMixed,LongMixed,Medium,Mixed,ForestGeometry,0.11980033277873,0,9.01612608783216,-1.88273691086066,1.3810316139767,0.449251247920124,PerLookupHeldoutWeak
10015,HeldOutBoundary,LongLowNLOS,Low,Sparse,Default,0.0166389351081375,0,-1.07569696694796,-1.00642351866777,2.10316139767056,0.139767054908502,PerLookupHeldoutWeak
10015,HeldOutBoundary,LongLowNLOS,Low,Sparse,ForestGeometry,2.78868552412647,0,12.9758998633225,-20.7161506455779,6.60232945091515,0.532445923460889,PerLookupHeldoutStrong
