Scene,SceneRole,GeometryType,DensityClass,VegetationClass,Config,Stage,GuardOffAvgDelayMean,GuardOnAvgDelayMean,DeltaAvgDelay_s,DeltaAvgDelay_pct,GuardOffAvgTxCostMean,GuardOnAvgTxCostMean,DeltaAvgTxCost,DeltaTimelyRate_pp,DeltaLossRate_pp,DeltaEmergencyTimelyRate_pp
10019,DenseBlind,ShortRangeOccluded,High,Dense,Default,PosDeg_Emerg,0.0195223547937131,0.0120474613958416,-0.00747489339787142,-38.2888922819834,3.58270909090909,3.00272727272727,-0.579981818181817,0,0,0
10019,DenseBlind,ShortRangeOccluded,High,Dense,ForestGeometry,PosDeg_Emerg,0.055688662479306,0.0545943307499245,-0.0010943317293815,-1.96508890797683,4.28937272727273,4.17842727272727,-0.110945454545456,0.636363636363635,1.18181818181818,0.636363636363635
10014,Primary,CurvedBlind,Medium,Dense,Default,PosDeg_Emerg,0.0135955304072963,0.0122181223874685,-0.00137740801982778,-10.1313297720887,3.2962,3.08772727272727,-0.208472727272726,-0.0909090909090748,0.0909090909090904,0
10014,Primary,CurvedBlind,Medium,Dense,ForestGeometry,PosDeg_Emerg,0.0130237180806694,0.0130237180806694,0,0,3.56136363636364,3.58247272727273,0.0211090909090923,0,0,0
