Method,Stage,BaselineRMSE_m,MethodRMSE_m,ImprovementPct
Adaptive constraints,Normal_1,0.211856504147165,0.211767435397801,0.0420420178845198
Adaptive constraints,Degraded,2.42416771850688,2.4049353061077,0.793361459784928
Adaptive constraints,Outage,1.94994000359844,1.91996786154832,1.53708021758679
Adaptive constraints,Recovery,0.286398260456099,0.281206972781221,1.81261145462666
Adaptive constraints,Full,1.46206707430295,1.44718829181185,1.01765389239738
