rsu_x,rsu_y,coverage
-1008.98275495279,156.430705063056,58.9088835199374
-1006.41686933043,152.770481020202,49.5
-968.989870224452,109.020617756515,66
