rsu_x,rsu_y,coverage
-3289.75010994749,402.75403430637,49.7701837770969
-3272.73381143267,460.026009383962,45
-3273.27618427388,464.096011663573,60
