rsu_x,rsu_y,coverage
-1008.98275495279,156.430705063056,60
-1006.41686933043,152.770481020202,47.3204842668628
-968.989870224452,109.020617756515,45
