rsu_x,rsu_y,coverage
-3289.75010994749,402.75403430637,55.4463988791719
-3272.73381143267,460.026009383962,49.5
-3273.27618427388,464.096011663573,66
