rsu_x,rsu_y,coverage
2255.14860915536,-309.546380095169,41.4
2257.65042825403,-306.564442246452,55.2
2283.03942774325,-254.406154245051,51.2970424200635
