rsu_x,rsu_y,coverage
-3289.75010994749,402.75403430637,45.2073337141329
-3272.73381143267,460.026009383962,41.4
-3273.27618427388,464.096011663573,55.2
