rsu_x,rsu_y,coverage
2255.14860915536,-309.546380095169,49.5
2257.65042825403,-306.564442246452,66
2283.03942774325,-254.406154245051,57.5197123290189
