rsu_x,rsu_y,coverage
-1008.98275495279,156.430705063056,55.2
-1006.41686933043,152.770481020202,49.9935329882818
-989.801843674661,131.946561784154,41.4
