rsu_x,rsu_y,coverage
417891.063152,4731624.9949331,41.6115714490271
417850.944784804,4731675.50386987,41.6115714490271
417886.971313499,4731670.57881396,41.6115714490271
417888.75334099,4731667.66113362,41.6115714490271
