rsu_x,rsu_y,coverage
417891.063152,4731624.9949331,29.9345151238043
417850.944784804,4731675.50386987,29.9345151238043
417886.971313499,4731670.57881396,29.9345151238043
417888.75334099,4731667.66113362,29.9345151238043
